"Geburtsland","Geburtsort","Geburtsort_Land","Anzahl","Lat_Bing","Long_Bing","Distanz","pop","norm"
"Argentinien","Buenos Aires","Buenos Aires, Argentinien",142,-34.61455536,-58.44587708,11426.4105,2891082,4.91165591290735e-05
"Peru","Lima","Lima, Peru",139,-12.05613995,-77.02680206,10608.84951,8472935,1.64051771906665e-05
"Brasilien","Sao Paulo","Sao Paulo, Brasilien",111,-23.56283951,-46.6546402,9778.844099,10659386,1.04133577675112e-05
"Vietnam","Saigon","Saigon, Vietnam",142,10.77822971,106.70327,9760.731703,5968384,2.37920348288582e-05
"Brasilien","Rio de Janeiro","Rio de Janeiro, Brasilien",105,-22.91216087,-43.17501068,9540.317328,5940224,1.76761011032581e-05
"Taiwan","Taipei","Taipei, Taiwan",112,25.04743958,121.516098,9434.006502,2619000,4.27644138984345e-05
"Mexiko","Mexiko-Stadt","Mexiko-Stadt, Mexiko",169,19.27938652,-99.134758,9412.087952,8851000,1.90938876963055e-05
"Japan","Chiba","Chiba, Japan",168,35.45575333,140.2040863,9382.995847,925951,0.000181435086737851
"Japan","Kanagawa","Kanagawa, Japan",267,35.37968063,139.3903961,9356.459497,9072000,2.94312169312169e-05
"Japan","Tokio","Tokio, Japan",956,35.68320847,139.8089447,9344.146412,13297629,7.1892515575521e-05
"Japan","Saitama","Saitama, Japan",158,35.86591339,139.6446075,9319.314063,1222434,0.00012925033171525
"Japan","Aichi","Aichi, Japan",212,34.9705162,137.1820679,9301.531908,7263000,2.91890403414567e-05
"Japan","Osaka","Osaka, Japan",382,34.67752075,135.5129089,9255.673577,2525153,0.000151277962167045
"China","Hong Kong","Hong Kong, China",145,22.33615685,114.1869659,9237.123214,7234800,2.00420191297617e-05
"Japan","Hyogo","Hyogo, Japan",171,34.92504883,134.8162231,9200.272175,5572000,3.0689160086145e-05
"Japan","Kyoto","Kyoto, Japan",131,35.32315063,135.4155884,9189.00499,1386899,9.4455328037586e-05
"Japan","Fukuoka","Fukuoka, Japan",124,33.5839653,130.4128571,9120.067377,1384820,8.95423231900175e-05
"China","Guangdong","Guangdong, China",178,23.20279884,113.3743896,9110.308755,104300000,1.70661553211889e-06
"Thailand","Bangkok","Bangkok, Thailand",136,13.75335026,100.5048294,9082.559129,5695956,2.38765889343246e-05
"Kolumbien","Bogota","Bogota, Kolumbien",124,4.31533432,-74.17960358,9001.261547,7674366,1.61576865111724e-05
"China","Zhejiang","Zhejiang, China",207,29.19950485,120.4452667,8997.207858,51800000,3.996138996139e-06
"China","Shanghai","Shanghai, China",379,31.22414589,121.5161362,8874.322697,14007000,2.70578996216178e-05
"China","Hunan","Hunan, China",125,27.58358383,111.6998444,8624.130429,64060000,1.95129566031845e-06
"China","Jiangsu","Jiangsu, China",248,33.01850128,119.4911652,8601.248784,77250000,3.21035598705502e-06
"Korea, Republik","Seoul","Seoul, Korea, Republik",744,37.566535,126.9779692,8580.280949,9708483,7.66340117194416e-05
"China","Hubei","Hubei, China",202,30.94911957,112.2711334,8367.071606,57200000,3.53146853146853e-06
"China","Shandong","Shandong, China",193,36.37627029,118.3159714,8238.758702,95790000,2.01482409437311e-06
"China","Henan","Henan, China",112,33.86470795,113.5865707,8192.308443,94020000,1.19123590725378e-06
"China","Liaoning","Liaoning, China",171,41.17638397,122.5526962,8033.466716,43190000,3.95924982634869e-06
"Sri Lanka","Jaffna","Jaffna, Sri Lanka",134,9.658760071,80.01898956,8006.619819,169102,0.000792421142269163
"Venezuela","Caracas","Caracas, Venezuela",103,10.49536991,-66.84887695,7961.685238,4543901,2.26677473827005e-05
"China","Beijing","Beijing, China",125,39.90657043,116.3876495,7826.221209,12458000,1.00337132766094e-05
"China","Sichuan","Sichuan, China",145,30.60892487,102.7037048,7805.169554,81850000,1.77153329260843e-06
"Kongo, Dem.Republik (Zaire)","Kinshasa","Kinshasa, Kongo, Dem.Republik (Zaire)",167,-4.4419311,15.2662931,6211.581117,7273947,2.29586495474878e-05
"Vereinigte Staaten","New York","New York, Vereinigte Staaten",179,40.7820015,-73.83170319,6030.255628,8336697,2.14713333110223e-05
"Afghanistan","Kabul","Kabul, Afghanistan",586,34.53155136,69.12535095,5242.666616,2938300,0.000199435047476432
"Kasachstan","Almaty (Alma-Ata)","Almaty (Alma-Ata), Kasachstan",176,43.25051117,76.88812256,5176.571027,1472866,0.000119494916713401
"Ghana","Accra","Accra, Ghana",621,5.581069946,-0.198970005,5093.665542,1963264,0.000316309981744686
"Ghana","Kumasi","Kumasi, Ghana",447,6.697450161,-1.629840016,4990.038901,1468609,0.000304369645017837
"Nigeria","Benin City","Benin City, Nigeria",105,6.333940029,5.624499798,4970.395138,1125058,9.33285217295464e-05
"Nigeria","Lagos","Lagos, Nigeria",127,6.60160017,3.396859884,4949.590188,7937932,1.59991292442414e-05
"Eritrea","Asmara","Asmara, Eritrea",136,15.33298969,38.92047119,4900.092724,563930,0.000241164683560016
"Usbekistan","Taschkent","Taschkent, Usbekistan",236,41.32051086,69.30666351,4790.899181,2140600,0.000110249462767448
"Afghanistan","Herat","Herat, Afghanistan",121,34.34376144,62.18511963,4771.651347,274000,0.000441605839416058
"Kasachstan","Pawlodar","Pawlodar, Kasachstan",158,52.33044052,76.96981812,4650.765031,307880,0.000513186955956866
"Kasachstan","Karaganda","Karaganda, Kasachstan",341,49.78739929,73.14820099,4547.270675,475267,0.000717491431132395
"Iran","Schiras","Schiras, Iran",168,29.59100914,52.53059006,4463.237302,1461000,0.000114989733059548
"Iran","Meschhed","Meschhed, Iran",100,36.28292084,59.59812164,4453.353091,2766000,3.61532899493854e-05
"Russische Föderation","Omsk","Omsk, Russische Föderation",241,54.99414063,73.36470795,4308.610573,1127675,0.00021371405768506
"Iran","Isfahan","Isfahan, Iran",121,32.65085983,51.68386078,4168.137179,1602110,7.55254008775927e-05
"Iran","Ahvaz","Ahvaz, Iran",136,31.31671333,48.68438339,4068.017943,985614,0.000137985052972056
"Iran","Teheran","Teheran, Iran",2613,35.68954086,51.4146843,3925.465665,8154000,0.000320456217807211
"Irak","Bagdad","Bagdad, Irak",352,33.34180069,44.39350128,3623.60071,6250000,5.632e-05
"Russische Föderation","Tscheljabinsk","Tscheljabinsk, Russische Föderation",145,55.16305923,61.38861084,3582.066781,1150000,0.000126086956521739
"Aserbaidschan","Baku","Baku, Aserbaidschan",218,40.41059875,49.8722496,3499.192882,2122300,0.000102718748527541
"Irak","Mosul","Mosul, Irak",113,36.32460022,43.11709976,3312.590478,1450000,7.79310344827586e-05
"Syrien","Daraa","Daraa, Syrien",105,32.61819839,36.10512924,3153.036809,97969,0.00107176759995509
"Syrien","Hasaka","Hasaka, Syrien",134,36.49594879,40.76530838,3142.638271,175000,0.000765714285714286
"Ägypten","Kairo","Kairo, Ägypten",180,30.04541969,31.2421093,3100.780471,9120350,1.97360846897323e-05
"Syrien","Damaskus","Damaskus, Syrien",573,33.5165596,36.31708145,3090.919423,1711000,0.00033489187609585
"Georgien","Tiflis","Tiflis, Georgien",241,41.72565079,44.79304886,3063.636778,1106700,0.000217764525164905
"Syrien","Homs","Homs, Syrien",100,34.73218918,36.71767044,3016.642092,775404,0.000128965029842508
"Libanon","Beirut","Beirut, Libanon",190,33.89606857,35.50677872,3009.602849,2006452,9.46945154930195e-05
"Libanon","Tripoli","Tripoli, Libanon",177,34.44100189,35.85499954,2986.278089,1063571,0.000166420483446803
"Syrien","Aleppo","Aleppo, Syrien",503,36.22185135,37.13188171,2925.462266,2132100,0.000235917639885559
"Türkei","Ordu","Ordu, Türkei",160,40.98109818,37.9048996,2635.524438,134005,0.00119398529905601
"Türkei","Kayseri","Kayseri, Türkei",106,38.72098923,35.48337936,2630.279481,882663,0.000120091133309089
"Türkei","Avanos","Avanos, Türkei",170,38.70600128,34.84500122,2589.739064,12833,0.0132470973272033
"Türkei","Aksaray","Aksaray, Türkei",263,38.36780167,34.03068161,2562.262705,171423,0.00153421652870385
"Türkei","Kirsehir","Kirsehir, Türkei",182,39.31573868,34.11726379,2497.756745,99832,0.00182306274541229
"Türkei","Ankara","Ankara, Türkei",293,39.94290161,32.86050034,2370.608761,4338620,6.75329943622627e-05
"Marokko","Casablanca","Casablanca, Marokko",295,33.58848953,-7.677189827,2280.355471,3111977,9.47950450790607e-05
"Marokko","Rabat","Rabat, Marokko",169,34.02088928,-6.841639996,2203.180142,1622860,0.000104137140603626
"Marokko","Kenitra","Kenitra, Marokko",178,34.25439835,-6.605750084,2170.411793,359142,0.000495625685661939
"Ukraine","Simferopol","Simferopol, Ukraine",147,44.95748138,34.10826874,2136.957436,341599,0.000430329128598152
"Türkei","Izmir","Izmir, Türkei",149,38.42618179,27.14191055,2134.176811,2783866,5.35226911065403e-05
"Marokko","Fes","Fes, Marokko",126,34.0428009,-5.015520096,2131.124347,946815,0.000133077739579538
"Russische Föderation","Moskau","Moskau, Russische Föderation",1240,55.75696945,37.61502075,2089.507811,10563038,0.00011739047043095
"Ukraine","Charkow","Charkow, Ukraine",351,50.00423813,36.23575974,2075.611055,1452256,0.00024169292466342
"Türkei","Istanbul","Istanbul, Türkei",557,41.06072998,28.98777008,2040.98987,13301345,4.18754644737055e-05
"Ukraine","Dnepropetrowsk","Dnepropetrowsk, Ukraine",387,48.47531128,35.01612091,2040.903116,987629,0.00039184754599146
"Marokko","Beni Touzine","Beni Touzine, Marokko",181,35.7397995,-5.846680164,1992.116336,NA,NA
"Marokko","Tanger","Tanger, Marokko",132,35.74900055,-5.810929775,1989.761329,669685,0.000197107595361999
"Marokko","Midar","Midar, Marokko",157,34.94766998,-3.529510021,1986.60608,13229,0.0118678660518558
"Griechenland","Athen","Athen, Griechenland",440,37.99280167,23.76950073,1984.187997,655780,0.000670956723291348
"Marokko","Ben Taieb","Ben Taieb, Marokko",102,35.04399872,-3.45904994,1974.317154,10446,0.00976450315910396
"Marokko","Temsamane","Temsamane, Marokko",117,35.11444092,-3.641530037,1973.211637,14937,0.00783289817232376
"Marokko","Beni Oulichek","Beni Oulichek, Marokko",227,35.08459854,-3.443190098,1969.600777,NA,NA
"Marokko","Oujda","Oujda, Marokko",264,34.67359924,-1.942440033,1965.753958,400738,0.000658784542519052
"Marokko","Beni Sidel","Beni Sidel, Marokko",173,35.12939835,-3.123670101,1954.425445,NA,NA
"Marokko","Nador","Nador, Marokko",792,35.17979813,-2.926179886,1942.812443,161726,0.00489717175964285
"Portugal","Lissabon","Lissabon, Portugal",115,38.71699905,-9.138640404,1863.420233,517802,0.000222092614551508
"Ukraine","Odessa","Odessa, Ukraine",381,46.47969818,30.71549988,1824.797898,1010326,0.000377106003408801
"Bulgarien","Warna","Warna, Bulgarien",127,43.21670151,27.91670036,1821.946546,334763,0.000379372869761593
"Griechenland","Komotini","Komotini, Griechenland",215,41.11589813,25.39380074,1814.782222,45631,0.00471170914509873
"Rumänien","Constanta","Constanta, Rumänien",129,44.15399933,28.61849976,1808.638006,306332,0.000421111734980348
"Griechenland","Xanthi","Xanthi, Griechenland",103,41.14089966,24.88660049,1782.566298,48221,0.00213599883868024
"Russische Föderation","Leningrad","Leningrad, Russische Föderation",255,59.92887497,30.22154617,1753.695223,4600276,5.54314567212924e-05
"Russische Föderation","St. Petersburg","St. Petersburg, Russische Föderation",615,59.92887497,30.22154617,1753.695223,246541,0.00249451409704674
"Griechenland","Drama","Drama, Griechenland",155,41.15729904,24.15089989,1737.919775,44226,0.00350472572694795
"Bulgarien","Stara Sagora","Stara Sagora, Bulgarien",102,42.42272949,25.6354599,1731.285365,137649,0.000741015190811412
"Griechenland","Thessaloniki","Thessaloniki, Griechenland",547,40.64839935,22.93530083,1709.936676,322240,0.00169749255213505
"Griechenland","Serres","Serres, Griechenland",274,41.09090042,23.56451035,1709.239586,55886,0.00490283792005153
"Bulgarien","Plowdiw","Plowdiw, Bulgarien",149,42.13619995,24.75530052,1698.229376,338657,0.000439973188211081
"Griechenland","Ioannina","Ioannina, Griechenland",100,39.64730072,20.84140015,1685.751964,64012,0.00156220708617134
"Ukraine","Kiew","Kiew, Ukraine",608,50.45056915,30.5242691,1667.901864,2799199,0.000217204993285579
"Moldawien","Chisinau","Chisinau, Moldawien",128,47.03770065,28.81229973,1666.820944,647513,0.00019767942883
"Rumänien","Bukarest","Bukarest, Rumänien",709,44.43429184,26.10296059,1624.670498,1944451,0.000364627342113532
"Tunesien","Tunis","Tunis, Tunesien",265,36.80001068,10.18270016,1623.064955,2256320,0.000117447879733371
"Bulgarien","Sofia","Sofia, Bulgarien",362,42.67819214,23.39904404,1575.362577,1208097,0.000299644813288999
"Rumänien","Iasi","Iasi, Rumänien",105,47.16669846,27.55380058,1573.84657,307377,0.000341600054656009
"Rumänien","Bacau","Bacau, Rumänien",145,46.58250046,26.90509987,1557.11124,180516,0.000803252897250105
"Italien","Partinico","Partinico, Italien",133,38.04809952,13.12150002,1544.815529,31562,0.0042139281414359
"Italien","Palermo","Palermo, Italien",220,38.11709976,13.35289955,1543.4853,656081,0.000335324449267697
"Mazedonien","Kumanovo","Kumanovo, Mazedonien",420,42.13668823,21.7177906,1519.246428,108471,0.00387200265508753
"Mazedonien","Skopje","Skopje, Mazedonien",1310,41.99473953,21.42999077,1514.581237,474889,0.00275853936393557
"Mazedonien","Tetovo","Tetovo, Mazedonien",226,42.00880051,20.97660065,1488.238055,72944,0.00309826716385172
"Kosovo","Ferizaj","Ferizaj, Kosovo",129,42.37007904,21.15166855,1468.388252,94277,0.00136830828303828
"Kosovo","Prizren","Prizren, Kosovo",191,42.21760178,20.73349953,1457.56368,159145,0.0012001633730246
"Spanien","Madrid","Madrid, Spanien",437,40.42028046,-3.705770016,1446.302089,3273049,0.000133514652545684
"Kosovo","Pristina","Pristina, Kosovo",160,42.66379929,21.16620064,1445.570149,254021,0.000629869184043839
"Weißrussland","Minsk","Minsk, Weißrussland",183,53.8832016,27.50429916,1431.524344,1836808,9.96293570149956e-05
"Lettland","Riga","Riga, Lettland",327,57.02769852,24.04470062,1295.83539,706413,0.000462902013411418
"Italien","Neapel","Neapel, Italien",264,40.84769821,14.26259995,1287.530586,962940,0.000274160383824537
"Serbien","Belgrad","Belgrad, Serbien",1084,44.81309891,20.46326065,1241.326102,1639121,0.000661330066541762
"Rumänien","Timisoara","Timisoara, Rumänien",163,45.75553513,21.23749924,1226.101115,303640,0.000536819918324331
"Serbien","Sabac","Sabac, Serbien",125,44.75851059,19.70169067,1199.485271,55114,0.00226802627281634
"Bosnien und Herzegowina","Sarajevo","Sarajevo, Bosnien und Herzegowina",246,43.85942078,18.4357605,1196.753974,304614,0.000807579428391341
"Bosnien und Herzegowina","Tuzla","Tuzla, Bosnien und Herzegowina",160,44.53680038,18.69599915,1157.536956,142486,0.00112291733924736
"Spanien","Barcelona","Barcelona, Spanien",316,41.375,2.157589912,1148.859376,1619337,0.000195141591898413
"Bosnien und Herzegowina","Zenica","Zenica, Bosnien und Herzegowina",106,44.19469833,17.93720055,1142.27792,164423,0.000644678664177153
"Italien","Rom","Rom, Italien",173,41.90304947,12.49580002,1122.673194,2612068,6.62310475837536e-05
"Kroatien","Split","Split, Kroatien",103,43.5141983,16.4314003,1122.321377,176314,0.000584185033519743
"Polen","Elk (Lyck)","Elk (Lyck), Polen",222,53.82939911,22.37470055,1095.4087,56419,0.00393484464453464
"Russische Föderation","Königsberg","Königsberg, Russische Föderation",470,54.7090416,20.50595093,998.9353983,423651,0.00110940373090114
"Polen","Warszawa (Warschau)","Warszawa (Warschau), Polen",259,52.22874832,21.00625038,988.1448101,1716855,0.000150857236050802
"Ungarn","Budapest","Budapest, Ungarn",325,47.51303101,19.12298012,985.1057171,1721556,0.000188782705877706
"Polen","Olsztyn (Allenstein)","Olsztyn (Allenstein), Polen",615,53.7737999,20.51469994,973.7085833,176387,0.00348665151059885
"Polen","Kraków (Krakau)","Kraków (Krakau), Polen",127,50.07339859,20.03590012,945.1334318,755546,0.000168090361142803
"Irland","Dublin","Dublin, Irland",121,53.33309937,-6.248889923,918.244798,1279603,9.45605785544423e-05
"Polen","Elblag (Elbing)","Elblag (Elbing), Polen",129,54.17919922,19.39509964,913.0009685,126876,0.00101674075475267
"Kroatien","Zagreb","Zagreb, Kroatien",386,45.80189896,15.94709969,904.9132434,686568,0.000562216706866618
"Polen","Lodz","Lodz, Polen",210,51.78829956,19.46839905,882.4969942,739832,0.000283848225002433
"Polen","Katowice (Kattowitz)","Katowice (Kattowitz), Polen",678,50.25608826,19.03095055,870.6528359,313461,0.00216294850077043
"Polen","Gdansk  (Danzig)","Gdansk  (Danzig), Polen",641,54.32889938,18.625,870.0305463,456103,0.00140538431012293
"Polen","Siemianowice Slaskie (Laurahütte)","Siemianowice Slaskie (Laurahütte), Polen",129,50.30279922,19.00760078,867.9790163,72000,0.00179166666666667
"Polen","Chorzów (Königshütte)","Chorzów (Königshütte), Polen",349,50.26433945,18.93671036,863.8866647,113739,0.00306842859529273
"Polen","Bytom (Beuthen)","Bytom (Beuthen), Polen",655,50.34809875,18.93280029,861.7709601,185793,0.00352542883746966
"Polen","Tarnowskie Góry (Tarnowitz)","Tarnowskie Góry (Tarnowitz), Polen",196,50.44319916,18.85720062,854.5139652,60954,0.00321553958722971
"Polen","Zabrze (Hindenburg)","Zabrze (Hindenburg), Polen",100,50.30569839,18.75510025,850.2836204,189656,0.000527270426456321
"Polen","Gliwice (Gleiwitz)","Gliwice (Gleiwitz), Polen",416,50.29270172,18.6678009,844.476653,197874,0.00210234795880207
"Polen","Rybnik","Rybnik, Polen",105,50.08982849,18.53274918,839.8671009,141262,0.00074329968427461
"Polen","Pyskowice (Peiskretscham)","Pyskowice (Peiskretscham), Polen",104,50.38869858,18.62779999,839.6088727,19061,0.00545616704265254
"Polen","Racibórz (Ratibor)","Racibórz (Ratibor), Polen",324,50.09799957,18.2241993,818.1577987,57099,0.00567435506751432
"Polen","Strzelce Opolskie (Groß Strehlitz)","Strzelce Opolskie (Groß Strehlitz), Polen",220,50.51047,18.299965,814.2599648,31219,0.00704699061468977
"Polen","Bydgoszcz (Bromberg)","Bydgoszcz (Bromberg), Polen",341,53.13349915,18.02750015,797.7638509,362397,0.000940957016752346
"Polen","Opole (Oppeln)","Opole (Oppeln), Polen",472,50.67839813,17.94720078,786.5841711,127246,0.00370935039215378
"Österreich","Wien","Wien, Österreich",433,48.20842743,16.37782097,768.1529877,1724381,0.000251104599273594
"Polen","Wroclaw (Breslau)","Wroclaw (Breslau), Polen",1370,51.1106987,17.04299927,717.6946209,633950,0.00216105371086048
"Polen","Poznan (Posen)","Poznan (Posen), Polen",157,52.35572815,16.85575676,706.4006417,564035,0.000278351520738961
"Polen","Swidnica","Swidnica, Polen",211,50.84090042,16.48740005,682.07207,60157,0.00350748873780275
"Italien","Mailand","Mailand, Italien",104,45.45199966,9.192770004,664.9214892,1307495,7.95414131602798e-05
"Polen","Szczecin (Stettin)","Szczecin (Stettin), Polen",502,53.42520142,14.55620003,584.2302131,408583,0.00122863653162271
"Sachsen","Görlitz","Görlitz, Sachsen",230,51.12950134,14.98349953,573.7847614,57111,0.00402724518919298
"Tschechische Republik","Prag","Prag, Tschechische Republik",173,50.12691879,14.45672035,556.0095022,1249026,0.000138507925375453
"Brandenburg","Frankfurt an der Oder","Frankfurt an der Oder, Brandenburg",180,52.34370041,14.55099964,550.7534804,62594,0.00287567498482283
"Mecklenburg-Vorpommern","Greifswald","Greifswald, Mecklenburg-Vorpommern",144,54.08974457,13.39124393,549.713313,53434,0.00269491335104989
"Mecklenburg-Vorpommern","Stralsund","Stralsund, Mecklenburg-Vorpommern",134,54.30881119,13.09450722,547.609523,58288,0.00229892945374691
"Sachsen","Bautzen","Bautzen, Sachsen",104,51.17689896,14.42910004,534.731525,41779,0.0024892888771871
"Brandenburg","Cottbus","Cottbus, Brandenburg",210,51.76089859,14.35079956,529.3657332,103837,0.0020224004930805
"Sachsen","Hoyerswerda","Hoyerswerda, Sachsen",105,51.43901825,14.24427986,520.9201467,39214,0.00267761513745091
"Mecklenburg-Vorpommern","Neubrandenburg","Neubrandenburg, Mecklenburg-Vorpommern",117,53.55918503,13.27782536,513.3949516,67517,0.00173289690003999
"Brandenburg","Eberswalde","Eberswalde, Brandenburg",101,52.832901,13.75199986,511.2312723,41787,0.00241701964725872
"Bayern","München","München, Bayern",1673,48.10155106,11.57227039,489.411443,1353186,0.00123634149333499
"Sachsen","Dresden","Dresden, Sachsen",1073,51.05363083,13.74081039,487.6428491,523058,0.00205139774174183
"Brandenburg","Schwerin","Schwerin, Brandenburg",206,52.15819931,13.63269997,485.4218934,96280,0.00213959285417532
"Mecklenburg-Vorpommern","Rostock","Rostock, Mecklenburg-Vorpommern",410,54.0790596,12.13216019,482.2837847,199868,0.00205135389356976
"Vereinigtes Königreich","London","London, Vereinigtes Königreich",351,51.50642014,-0.127210006,481.7261149,8173941,4.29413424931743e-05
"Berlin","Berlin","Berlin, Berlin",5692,52.51607132,13.37697983,476.9283607,3442675,0.00165336547887907
"Sachsen","Meißen","Meißen, Sachsen",105,51.162428,13.494248,469.5561505,28057,0.00374238158035428
"Sachsen","Freiberg","Freiberg, Sachsen",114,50.91059875,13.34889984,461.8626576,42897,0.0026575284984964
"Brandenburg","Potsdam","Potsdam, Brandenburg",303,52.38288879,13.04601002,451.4151898,156906,0.00193109250124278
"Bayern","Regensburg","Regensburg, Bayern",166,49.02399826,12.07590008,450.397446,135520,0.00122491145218418
"Schweiz","Zürich","Zürich, Schweiz",100,47.36560059,8.505949974,445.9674427,372857,0.000268199336474842
"Schleswig-Holstein","Flensburg ","Flensburg , Schleswig-Holstein",271,54.79779816,9.477919579,437.6657017,86630,0.00312824656585478
"Bayern","Augsburg","Augsburg, Bayern",252,48.35509872,10.93309975,436.5638867,262512,0.000959956116291827
"Sachsen","Chemnitz","Chemnitz, Sachsen",540,50.83620071,12.93700027,434.1667047,245700,0.0021978021978022
"Baden-Württemberg","Konstanz","Konstanz, Baden-Württemberg",120,47.67670059,9.182880402,430.2429327,81006,0.00148137175024072
"Brandenburg","Brandenburg an der Havel","Brandenburg an der Havel, Brandenburg",208,52.41090012,12.50090027,416.4389623,72516,0.00286833250592973
"Schleswig-Holstein","Eutin ","Eutin , Schleswig-Holstein",105,54.13729858,10.6086998,415.5385722,17334,0.00605745932848737
"Schleswig-Holstein","Schleswig ","Schleswig , Schleswig-Holstein",122,54.53390121,9.562609673,413.9229371,24121,0.00505783342315824
"Sachsen-Anhalt","Wittenberg","Wittenberg, Sachsen-Anhalt",174,51.8676796,12.64865971,413.7047252,46133,0.00377170355277134
"Schleswig-Holstein","Kiel","Kiel, Schleswig-Holstein",735,54.32324982,10.1322403,413.1260786,235366,0.00312279598582633
"Frankreich","Paris","Paris, Frankreich",503,48.85692978,2.341200113,411.7978881,2233818,0.0002251750142581
"Sachsen","Zwickau","Zwickau, Sachsen",213,50.71789932,12.45730019,402.8081702,96786,0.00220073151075569
"Thüringen","Altenburg ","Altenburg , Thüringen",113,50.98659897,12.43980026,397.4341096,37236,0.00303469760446879
"Schleswig-Holstein","Lübeck","Lübeck, Schleswig-Holstein",458,53.86626816,10.68087959,396.2163661,211213,0.00216842713279959
"Schleswig-Holstein","Rendsburg ","Rendsburg , Schleswig-Holstein",129,54.29779816,9.666950226,394.3730955,28476,0.00453013063632533
"Bayern","Monheim (Bayern)","Monheim (Bayern), Bayern",308,48.83929825,10.85140038,393.646554,43587,0.00706632711588318
"Sachsen","Leipzig","Leipzig, Sachsen",1243,51.34519958,12.3859396,391.5917323,506578,0.00245371887448725
"Baden-Württemberg","Ulm","Ulm, Baden-Württemberg",215,48.39459991,9.968560219,388.6720594,120925,0.00177796154641307
"Sachsen","Plauen","Plauen, Sachsen",110,50.4978981,12.16699982,387.7953638,68430,0.00160748209849481
"Sachsen-Anhalt","Dessau","Dessau, Sachsen-Anhalt",267,51.8360405,12.24283028,385.5236366,77394,0.00344987983564617
"Schleswig-Holstein","Neumünster ","Neumünster , Schleswig-Holstein",180,54.07014084,9.987830162,384.6742312,77936,0.00230958735372613
"Sachsen-Anhalt","Stendal","Stendal, Sachsen-Anhalt",142,52.60530853,11.85071659,381.7628776,36761,0.00386278936916841
"Thüringen","Gera ","Gera , Thüringen",236,50.87979889,12.11330032,376.0510292,102733,0.00229721705781005
"Baden-Württemberg","Villingen-Schwenningen","Villingen-Schwenningen, Baden-Württemberg",131,48.06216049,8.538020134,372.8539348,81825,0.00160097769630309
"Bayern","Bayreuth","Bayreuth, Bayern",102,49.91949844,11.5600996,368.2049293,73503,0.00138769846128729
"Baden-Württemberg","Freiburg","Freiburg, Baden-Württemberg",607,47.99853134,7.849649906,365.873534,217547,0.00279020165757285
"Sachsen-Anhalt","Köthen","Köthen, Sachsen-Anhalt",103,51.75,11.97119999,365.6651738,29667,0.00347187110257188
"Sachsen-Anhalt","Merseburg","Merseburg, Sachsen-Anhalt",120,51.33229828,11.99250031,364.1758689,34411,0.00348725698177908
"Sachsen-Anhalt","Halle (Saale)","Halle (Saale), Sachsen-Anhalt",600,51.45669937,11.96720028,362.6815671,235720,0.00254539283896148
"Bayern","Nürnberg","Nürnberg, Bayern",505,49.46519852,11.07600021,362.6240195,505664,0.000998686875079104
"Schleswig-Holstein","Itzehoe ","Itzehoe , Schleswig-Holstein",104,53.99000168,9.571260452,361.9587931,32982,0.00315323509793221
"Bayern","Erlangen","Erlangen, Bayern",184,49.58729935,11.02579975,352.1318876,103753,0.0017734426956329
"Sachsen-Anhalt","Magdeburg","Magdeburg, Sachsen-Anhalt",717,52.13185883,11.62777996,350.6658121,229826,0.00311975146415114
"Sachsen-Anhalt","Bernburg","Bernburg, Sachsen-Anhalt",111,51.79546738,11.73930645,350.5144174,31329,0.00354304318682371
"Baden-Württemberg","Reutlingen","Reutlingen, Baden-Württemberg",131,48.49499893,9.202969551,349.0975437,112431,0.00116515907534399
"Baden-Württemberg","Tübingen","Tübingen, Baden-Württemberg",270,48.52130127,9.052980423,341.2503298,83740,0.00322426558395032
"Hamburg","Hamburg","Hamburg, Hamburg",2775,53.55334091,9.992469788,339.8463742,1774224,0.00156406406406406
"Thüringen","Jena ","Jena , Thüringen",286,50.92039871,11.59070015,339.0131211,102494,0.00279040724335083
"Baden-Württemberg","Rheinhausen","Rheinhausen, Baden-Württemberg",123,48.22679138,7.710529804,338.9569405,3436,0.0357974388824214
"Niedersachsen","Lüneburg","Lüneburg, Niedersachsen",188,53.25270081,10.41180038,336.0963209,72057,0.00260904561666458
"Bayern","Bamberg","Bamberg, Bayern",130,49.89030075,10.90579987,327.6006982,69574,0.00186851410009486
"Niedersachsen","Uelzen","Uelzen, Niedersachsen",108,52.97449875,10.56260014,324.8810839,34758,0.00310719834282755
"Niedersachsen","Stade Hanse","Stade Hanse, Niedersachsen",138,53.59527,9.47672,322.1448465,45772,0.0030149436336625
"Baden-Württemberg","Stuttgart","Stuttgart, Baden-Württemberg",1097,48.76766968,9.171919823,321.7563452,593923,0.00184704077801331
"Niedersachsen","Cuxhaven","Cuxhaven, Niedersachsen",148,53.84429932,8.687970161,319.8035361,51899,0.00285169271084221
"Niedersachsen","Helmstedt","Helmstedt, Niedersachsen",115,52.22919846,10.99839973,312.7231691,25186,0.0045660287461288
"Bayern","Coburg","Coburg, Bayern",125,50.26570129,10.93809986,312.1408436,41638,0.00300206542100965
"Baden-Württemberg","Ludwigsburg","Ludwigsburg, Baden-Württemberg",113,48.89319992,9.194270134,310.8170184,87280,0.00129468377635197
"Niedersachsen","Wolfsburg","Wolfsburg, Niedersachsen",146,52.42440033,10.79749966,308.090056,120493,0.00121168864581345
"Sachsen-Anhalt","Halberstadt","Halberstadt, Sachsen-Anhalt",120,51.90999985,11.02680016,304.6609965,39318,0.00305203723485427
"Thüringen","Erfurt ","Erfurt , Thüringen",511,51.02830124,11.03960037,299.1891194,202658,0.00252148940579696
"Sachsen-Anhalt","Stolberg","Stolberg, Sachsen-Anhalt",112,51.57344818,10.95503044,293.5261598,58540,0.00191322172873249
"Baden-Württemberg","Pforzheim","Pforzheim, Baden-Württemberg",212,48.89350128,8.706979752,292.7970386,119156,0.00177918023431468
"Baden-Württemberg","Heilbronn","Heilbronn, Baden-Württemberg",208,49.13830185,9.237910271,290.2129486,121384,0.00171357015751664
"Baden-Württemberg","Baden-Baden","Baden-Baden, Baden-Württemberg",110,48.78150177,8.203570366,289.2574377,54855,0.00200528666484368
"Sachsen-Anhalt","Wernigerode","Wernigerode, Sachsen-Anhalt",102,51.84090042,10.80749989,288.2390159,33871,0.00301142570340409
"Bremen","Bremerhaven","Bremerhaven, Bremen",320,53.52610016,8.623869896,286.0804593,116045,0.00275755095006248
"Niedersachsen","Braunschweig","Braunschweig, Niedersachsen",685,52.23550034,10.54189968,283.8013836,245467,0.00279059914367308
"Thüringen","Nordhausen ","Nordhausen , Thüringen",115,51.50310135,10.80130005,282.1540404,43344,0.0026531930601698
"Niedersachsen","Wolfenbüttel","Wolfenbüttel, Niedersachsen",130,52.15890121,10.55910015,281.8163813,54124,0.00240189195181435
"Bayern","Schweinfurt","Schweinfurt, Bayern",142,50.04539871,10.23159981,276.9083855,53970,0.00263109134704465
"Thüringen","Gotha ","Gotha , Thüringen",123,50.94260025,10.70180035,276.7452619,46497,0.00264533195690045
"Niedersachsen","Celle","Celle, Niedersachsen",297,52.62189865,10.0763998,275.6613111,71146,0.00417451437888286
"Bayern","Würzburg","Würzburg, Bayern",488,49.80350113,9.944020271,274.079854,134913,0.00361714586437185
"Niedersachsen","Wilhelmshaven","Wilhelmshaven, Niedersachsen",326,53.52959824,8.099840164,272.6511461,82797,0.00393734072490549
"Baden-Württemberg","Karlsruhe","Karlsruhe, Baden-Württemberg",611,49.00540161,8.386870384,271.3400063,286327,0.00213392380041002
"Niedersachsen","Peine","Peine, Niedersachsen",102,52.32279968,10.24569988,269.2591264,49770,0.00204942736588306
"Niedersachsen","Salzgitter","Salzgitter, Niedersachsen",185,52.15327835,10.33312035,267.1495812,106665,0.00173440210003281
"Niedersachsen","Goslar","Goslar, Niedersachsen",150,51.91469955,10.42930031,264.9443379,42792,0.00350532809871004
"Bayern","Bad Kissingen","Bad Kissingen, Bayern",138,50.19189835,10.06379986,258.6105092,21092,0.00654276502939503
"Niedersachsen","Aurich","Aurich, Niedersachsen",131,53.46720123,7.488900185,255.0525756,40651,0.00322255295072692
"Bremen","Bremen","Bremen, Bremen",1278,53.07509995,8.804690361,249.0572251,547934,0.00233239769753291
"Niedersachsen","Hildesheim","Hildesheim, Niedersachsen",401,52.16080093,9.978560448,245.1079705,103249,0.00388381485534969
"Baden-Württemberg","Heidelberg","Heidelberg, Baden-Württemberg",617,49.4134903,8.708069801,243.0183878,144634,0.00426594023535268
"Rheinland-Pfalz","Speyer ","Speyer , Rheinland-Pfalz",136,49.31000137,8.425359726,242.2681113,50648,0.00268519981045648
"Niedersachsen","Emden","Emden, Niedersachsen",119,53.37070084,7.208630085,241.4619281,51742,0.00229987244404932
"Niedersachsen","Hannover","Hannover, Niedersachsen",1551,52.37226868,9.738149643,241.4353101,516343,0.00300381723001958
"Niedersachsen","Delmenhorst","Delmenhorst, Niedersachsen",151,53.04919815,8.625289917,239.9957872,75320,0.00200477960701009
"Niedersachsen","Oldenburg","Oldenburg, Niedersachsen",572,53.14419937,8.193479538,235.3461406,159060,0.00359612724757953
"Niedersachsen","Northeim","Northeim, Niedersachsen",118,51.70349884,9.992620468,230.0234452,30617,0.00385406800143711
"Niedersachsen","Leer (Ostfriesland)","Leer (Ostfriesland), Niedersachsen",168,53.23751068,7.461763859,229.6657373,34128,0.00492264416315049
"Niedersachsen","Gronau (Leine)","Gronau (Leine), Niedersachsen",140,52.08319855,9.786910057,229.6113939,5413,0.0258636615555145
"Baden-Württemberg","Mannheim","Mannheim, Baden-Württemberg",464,49.48120117,8.482709885,227.8620814,313174,0.00148160447546731
"Rheinland-Pfalz","Ludwigshafen am Rhein ","Ludwigshafen am Rhein , Rheinland-Pfalz",212,49.48094177,8.447299957,226.5538915,163560,0.00129616043042309
"Niedersachsen","Husum","Husum, Niedersachsen",110,52.56420135,9.242050171,226.4935276,20751,0.00530094935183847
"Niedersachsen","Göttingen","Göttingen, Niedersachsen",645,51.55989838,9.931920052,222.9743012,121581,0.00530510523848299
"Saarland","Saarbrücken","Saarbrücken, Saarland",472,49.23149109,6.998330116,221.1222599,177870,0.00265362343284421
"Hessen","Fulda","Fulda, Hessen",220,50.54769897,9.671759605,216.8774269,63886,0.00344363397301443
"Bayern","Aschaffenburg","Aschaffenburg, Bayern",157,49.98799896,9.109880447,214.2816863,68664,0.00228649656297332
"Niedersachsen","Papenburg","Papenburg, Niedersachsen",124,53.07429886,7.409880161,211.1884099,34890,0.00355402694181714
"Rheinland-Pfalz","Worms ","Worms , Rheinland-Pfalz",116,49.62779999,8.356789589,209.2120155,82212,0.00141098623072058
"Rheinland-Pfalz","Kaiserslautern ","Kaiserslautern , Rheinland-Pfalz",166,49.44329834,7.755539894,208.9885983,98044,0.00169311737587206
"Hessen","Bad Hersfeld","Bad Hersfeld, Hessen",119,50.86500168,9.702589989,208.9120841,30415,0.00391254315304948
"Niedersachsen","Hameln","Hameln, Niedersachsen",217,52.1012001,9.348750114,203.4287226,58517,0.00370832407676402
"Hessen","Darmstadt","Darmstadt, Hessen",332,49.85340118,8.646519661,201.2763454,141257,0.00235032600154329
"Niedersachsen","Cloppenburg","Cloppenburg, Niedersachsen",137,52.8404007,8.043840408,200.5258988,31757,0.00431400950971439
"Niedersachsen","Vechta","Vechta, Niedersachsen",143,52.7356987,8.281640053,198.1651677,30388,0.00470580492299592
"Niedersachsen","Holzminden","Holzminden, Niedersachsen",123,51.82720184,9.445819855,197.3714432,20667,0.00595151691101756
"Hessen","Hanau","Hanau, Hessen",182,50.13539886,8.917329788,193.1970998,88472,0.00205714802423366
"Niedersachsen","Bad Pyrmont","Bad Pyrmont, Niedersachsen",104,51.99020004,9.266719818,192.8469639,21355,0.00487005385155701
"Nordrhein-Westfalen","Minden ","Minden , Nordrhein-Westfalen",384,52.28649902,8.945340157,191.3504326,83099,0.00462099423579104
"Nordrhein-Westfalen","Höxter ","Höxter , Nordrhein-Westfalen",274,51.77149963,9.378410339,190.9974375,32385,0.00846070711749267
"Hessen","Kassel","Kassel, Hessen",732,51.31610107,9.468520164,188.2441752,193518,0.00378259386723716
"Hessen","Offenbach am Main","Offenbach am Main, Hessen",259,50.10329819,8.777469635,187.9206156,117564,0.0022030553570821
"Hessen","Frankfurt am Main","Frankfurt am Main, Hessen",1621,50.11207962,8.683409691,182.2981758,679664,0.00238500200098872
"Niederlande","Amsterdam","Amsterdam, Niederlande",148,52.33069992,4.866539955,180.943119,799345,0.00018515159286666
"Nordrhein-Westfalen","Bad Oeynhausen","Bad Oeynhausen, Nordrhein-Westfalen",188,52.22249985,8.816619873,180.0437099,49194,0.0038216042606822
"Nordrhein-Westfalen","Lübbecke ","Lübbecke , Nordrhein-Westfalen",121,52.31240082,8.632479668,176.9037405,26188,0.00462043684130136
"Nordrhein-Westfalen","Lemgo ","Lemgo , Nordrhein-Westfalen",195,52.03820038,8.901579857,173.2790823,41958,0.00464750464750465
"Belgien","Brüssel","Brüssel, Belgien",103,50.84270096,4.378109932,173.2481822,1114042,9.24561192486459e-05
"Rheinland-Pfalz","Bad Kreuznach ","Bad Kreuznach , Rheinland-Pfalz",166,49.82559967,7.868330002,172.8465332,43838,0.00378666909986769
"Rheinland-Pfalz","Mainz ","Mainz , Rheinland-Pfalz",524,50.00061035,8.272279739,171.6360187,196425,0.00266768486699758
"Hessen","Bad Homburg von der Höhe","Bad Homburg von der Höhe, Hessen",112,50.22650146,8.611969948,169.9908995,51691,0.00216672147956124
"Niedersachsen","Haselünne","Haselünne, Niedersachsen",105,52.6780014,7.479949951,169.6583528,12689,0.00827488375758531
"Hessen","Bad Soden am Taunus","Bad Soden am Taunus, Hessen",101,50.15670013,8.49489975,169.1455426,21295,0.0047428973937544
"Niedersachsen","Meppen","Meppen, Niedersachsen",140,52.69329834,7.277890205,167.893524,34580,0.00404858299595142
"Nordrhein-Westfalen","Warburg","Warburg, Nordrhein-Westfalen",144,51.48379898,9.132909775,166.8767605,24160,0.00596026490066225
"Nordrhein-Westfalen","Detmold ","Detmold , Nordrhein-Westfalen",425,51.94300079,8.876379967,166.5398613,73707,0.0057660737786099
"Nordrhein-Westfalen","Bünde ","Bünde , Nordrhein-Westfalen",145,52.196763,8.582987,165.8319821,44994,0.00322265190914344
"Nordrhein-Westfalen","Herford","Herford, Nordrhein-Westfalen",396,52.1167984,8.655059814,164.1292916,65060,0.00608668920996004
"Hessen","Wiesbaden","Wiesbaden, Hessen",559,50.08459854,8.242289543,162.9730524,275562,0.00202858158962411
"Rheinland-Pfalz","Trier ","Trier , Rheinland-Pfalz",661,49.75733948,6.636199951,162.412597,103274,0.00640044929023762
"Nordrhein-Westfalen","Bielefeld ","Bielefeld , Nordrhein-Westfalen",1378,52.00189972,8.592909813,153.2395216,325846,0.00422899160953334
"Niedersachsen","Lingen (Ems)","Lingen (Ems), Niedersachsen",221,52.53214264,7.323010921,151.1572289,51417,0.00429818931481806
"Hessen","Gießen","Gießen, Hessen",361,50.58409882,8.678359985,151.1175413,73958,0.00488114876010709
"Niedersachsen","Osnabrück","Osnabrück, Niedersachsen",670,52.29130173,8.054650307,148.660178,163020,0.00410992516255674
"Nordrhein-Westfalen","Paderborn ","Paderborn , Nordrhein-Westfalen",888,51.71813965,8.752039909,148.2389978,144258,0.00615563781558042
"Hessen","Marburg","Marburg, Hessen",407,50.80550003,8.777580261,147.6803262,95171,0.0042765128032699
"Hessen","Weimar an der Lahn","Weimar an der Lahn, Hessen",162,50.7597084,8.733200073,146.4680147,6935,0.0233597692862293
"Nordrhein-Westfalen","Mettingen","Mettingen, Nordrhein-Westfalen",104,52.31615067,7.780519962,140.6486033,12277,0.00847112486763867
"Niedersachsen","Georgsmarienhütte","Georgsmarienhütte, Niedersachsen",227,52.1977005,8.045419693,140.0795219,32505,0.00698354099369328
"Niedersachsen","Nordhorn","Nordhorn, Niedersachsen",383,52.4457016,7.065020084,138.2192108,53156,0.00720520731432011
"Nordrhein-Westfalen","Salzkotten ","Salzkotten , Nordrhein-Westfalen",128,51.67750168,8.614330292,137.7272492,24842,0.00515256420578053
"Nordrhein-Westfalen","Gütersloh ","Gütersloh , Nordrhein-Westfalen",395,51.90390015,8.425290108,137.6098479,96284,0.00410244692783848
"Rheinland-Pfalz","Wittlich ","Wittlich , Rheinland-Pfalz",118,49.98379898,6.8895998,137.1739635,17826,0.00661954448558286
"Nordrhein-Westfalen","Ibbenbüren ","Ibbenbüren , Nordrhein-Westfalen",236,52.28219986,7.704470158,134.8146174,51190,0.00461027544442274
"Nordrhein-Westfalen","Geseke ","Geseke , Nordrhein-Westfalen",103,51.63740158,8.501379967,128.8340996,20656,0.0049864446165763
"Nordrhein-Westfalen","Rheine ","Rheine , Nordrhein-Westfalen",443,52.28419876,7.476709843,128.2899477,76438,0.00579554671760119
"Nordrhein-Westfalen","Rheda-Wiedenbrück ","Rheda-Wiedenbrück , Nordrhein-Westfalen",232,51.83470917,8.304019928,126.4220181,46625,0.00497587131367292
"Nordrhein-Westfalen","Brilon ","Brilon , Nordrhein-Westfalen",249,51.38650131,8.566949844,126.335222,26964,0.00923453493546952
"Nordrhein-Westfalen","Emsdetten ","Emsdetten , Nordrhein-Westfalen",146,52.17979813,7.521830082,118.9607937,35683,0.00409158422778354
"Nordrhein-Westfalen","Oelde ","Oelde , Nordrhein-Westfalen",119,51.83209991,8.146849632,117.2560391,29445,0.00404143318050603
"Nordrhein-Westfalen","Warendorf ","Warendorf , Nordrhein-Westfalen",224,51.94269943,7.981440067,116.2609823,38609,0.00580175606723821
"Rheinland-Pfalz","Prüm ","Prüm , Rheinland-Pfalz",119,50.20864,6.419275,114.7465557,5343,0.0222721317611829
"Nordrhein-Westfalen","Greven ","Greven , Nordrhein-Westfalen",139,52.1053009,7.612979889,114.6261192,35546,0.00391042592696787
"Nordrhein-Westfalen","Gronau (Westfalen)","Gronau (Westfalen), Nordrhein-Westfalen",158,52.21139908,7.045670033,112.277925,46488,0.00339872655308897
"Nordrhein-Westfalen","Warstein ","Warstein , Nordrhein-Westfalen",141,51.43190002,8.343640327,111.8858699,28170,0.00500532481363152
"Rheinland-Pfalz","Gerolstein ","Gerolstein , Rheinland-Pfalz",116,50.21680069,6.661049843,111.3353755,7530,0.0154050464807437
"Nordrhein-Westfalen","Steinfurt ","Steinfurt , Nordrhein-Westfalen",249,52.15008926,7.338950157,110.9564639,34476,0.00722241559345632
"Rheinland-Pfalz","Koblenz ","Koblenz , Rheinland-Pfalz",629,50.36130142,7.587659836,110.8856445,105888,0.00594023874282261
"Nordrhein-Westfalen","Beckum ","Beckum , Nordrhein-Westfalen",211,51.76010132,8.04763031,107.0757947,37275,0.00566063044936284
"Nordrhein-Westfalen","Meschede","Meschede, Nordrhein-Westfalen",249,51.35279846,8.276539803,105.789554,31929,0.00779855303955652
"Rheinland-Pfalz","Mayen ","Mayen , Rheinland-Pfalz",129,50.33269882,7.226399899,103.1677354,19164,0.0067313713212273
"Nordrhein-Westfalen","Lennestadt","Lennestadt, Nordrhein-Westfalen",175,51.132617,8.077812,91.50405,27170,0.00644092749355907
"Nordrhein-Westfalen","Münster ","Münster , Nordrhein-Westfalen",2434,51.96300888,7.617809772,101.5314489,272106,0.00894504347570432
"Nordrhein-Westfalen","Soest ","Soest , Nordrhein-Westfalen",388,51.55879974,8.119050026,100.9732666,48442,0.00800957846496842
"Rheinland-Pfalz","Neuwied ","Neuwied , Rheinland-Pfalz",336,50.44189835,7.474229813,99.08810547,65750,0.00511026615969582
"Rheinland-Pfalz","Andernach ","Andernach , Rheinland-Pfalz",107,50.42610168,7.415299892,98.65650235,29602,0.00361462063374096
"Nordrhein-Westfalen","Ahaus","Ahaus, Nordrhein-Westfalen",194,52.09030151,7.00797987,98.57030971,38509,0.00503778337531486
"Nordrhein-Westfalen","Ahlen","Ahlen, Nordrhein-Westfalen",232,51.74150085,7.889550209,96.96744125,54745,0.0042378299388072
"Nordrhein-Westfalen","Siegen ","Siegen , Nordrhein-Westfalen",950,50.86700058,7.986810207,93.3432644,105697,0.00898795613877404
"Nordrhein-Westfalen","Arnsberg","Arnsberg, Nordrhein-Westfalen",533,51.39440155,8.06210041,91.8597679,75867,0.00702545243650072
"Rheinland-Pfalz","Kirchen (Sieg)","Kirchen (Sieg), Rheinland-Pfalz",144,50.8064003,7.884829998,90.13846802,9063,0.015888778550149
"Nordrhein-Westfalen","Hamm ","Hamm , Nordrhein-Westfalen",907,51.6711998,7.774710178,85.9448106,183672,0.00493815061631604
"Nordrhein-Westfalen","Coesfeld ","Coesfeld , Nordrhein-Westfalen",320,51.9294014,7.165850163,83.83789601,36660,0.00872885979268958
"Nordrhein-Westfalen","Borken ","Borken , Nordrhein-Westfalen",275,51.95780182,6.922500134,83.14288894,41088,0.00669295171339564
"Nordrhein-Westfalen","Wickede Ruhr","Wickede Ruhr, Nordrhein-Westfalen",158,51.49980164,7.850669861,81.24849305,12347,0.0127966307605086
"Nordrhein-Westfalen","Attendorn","Attendorn, Nordrhein-Westfalen",158,51.12440109,7.90060997,79.30358956,24744,0.00638538635628839
"Nordrhein-Westfalen","Lüdinghausen ","Lüdinghausen , Nordrhein-Westfalen",118,51.77690125,7.460309982,78.43773242,24298,0.00485636677915878
"Nordrhein-Westfalen","Werne ","Werne , Nordrhein-Westfalen",146,51.67129898,7.629179955,78.00632661,30477,0.00479049775240345
"Rheinland-Pfalz","Bad Neuenahr-Ahrweiler ","Bad Neuenahr-Ahrweiler , Rheinland-Pfalz",113,50.54500961,7.101709843,77.99793388,27487,0.00411103430712701
"Nordrhein-Westfalen","Olpe ","Olpe , Nordrhein-Westfalen",200,51.02600098,7.847869873,77.94851178,25612,0.00780883960643448
"Nordrhein-Westfalen","Emmerich am Rhein ","Emmerich am Rhein , Nordrhein-Westfalen",396,51.83309937,6.24477005,77.92882522,29662,0.0133504146719709
"Nordrhein-Westfalen","Dülmen ","Dülmen , Nordrhein-Westfalen",149,51.84180069,7.279009819,77.88119383,47432,0.00314133918030022
"Nordrhein-Westfalen","Kleve ","Kleve , Nordrhein-Westfalen",558,51.7820015,6.117949963,77.80663899,49124,0.0113590098526179
"Nordrhein-Westfalen","Plettenberg ","Plettenberg , Nordrhein-Westfalen",107,51.21289825,7.88132,77.22983903,27672,0.00386672448684591
"Nordrhein-Westfalen","Menden (Sauerland)","Menden (Sauerland), Nordrhein-Westfalen",243,51.43830109,7.799039841,75.48083031,57599,0.00421882324345909
"Nordrhein-Westfalen","Kamen ","Kamen , Nordrhein-Westfalen",124,51.59090042,7.661359787,74.40558558,45816,0.00270647808625808
"Nordrhein-Westfalen","Unna ","Unna , Nordrhein-Westfalen",406,51.52619934,7.695569992,72.74889375,67680,0.00599881796690307
"Nordrhein-Westfalen","Hemer ","Hemer , Nordrhein-Westfalen",161,51.38619995,7.778329849,72.42828027,37833,0.00425554410171015
"Nordrhein-Westfalen","Waldbröl ","Waldbröl , Nordrhein-Westfalen",175,50.87680054,7.610429764,69.59008813,19563,0.00894545826304759
"Nordrhein-Westfalen","Rhede ","Rhede , Nordrhein-Westfalen",109,51.83679962,6.703849792,69.24754251,19293,0.00564971751412429
"Nordrhein-Westfalen","Werdohl ","Werdohl , Nordrhein-Westfalen",115,51.25979996,7.757530212,68.72065271,19838,0.00579695533823974
"Nordrhein-Westfalen","Aachen","Aachen, Nordrhein-Westfalen",2082,50.77822876,6.088640213,68.50793002,258770,0.0080457549174943
"Nordrhein-Westfalen","Lünen ","Lünen , Nordrhein-Westfalen",266,51.610421,7.528793,68.33265555,89456,0.00297352888570918
"Nordrhein-Westfalen","Bocholt ","Bocholt , Nordrhein-Westfalen",536,51.81980133,6.609749794,68.16038975,73640,0.00727865290602933
"Nordrhein-Westfalen","Iserlohn ","Iserlohn , Nordrhein-Westfalen",514,51.37630081,7.709980011,67.54665509,96546,0.0053238870590185
"Nordrhein-Westfalen","Goch ","Goch , Nordrhein-Westfalen",366,51.67290115,6.17802,65.67721069,34076,0.0107406972649372
"Nordrhein-Westfalen","Haltern am See ","Haltern am See , Nordrhein-Westfalen",204,51.7419014,7.18693018,65.10534099,37954,0.00537492754386889
"Nordrhein-Westfalen","Datteln ","Datteln , Nordrhein-Westfalen",250,51.6631012,7.34528017,63.57550458,36297,0.00688762156652065
"Nordrhein-Westfalen","Bardenberg","Bardenberg, Nordrhein-Westfalen",315,50.84019852,6.110660076,62.61859053,5873,0.0536352800953516
"Nordrhein-Westfalen","Euskirchen ","Euskirchen , Nordrhein-Westfalen",209,50.65769958,6.787320137,62.03234969,55360,0.00377528901734104
"Nordrhein-Westfalen","Schwerte ","Schwerte , Nordrhein-Westfalen",193,51.43970108,7.540919781,58.8467101,49326,0.0039127437862385
"Nordrhein-Westfalen","Gummersbach ","Gummersbach , Nordrhein-Westfalen",240,51.02640152,7.557400227,58.6120678,52636,0.00455961699217266
"Nordrhein-Westfalen","Bonn ","Bonn , Nordrhein-Westfalen",2296,50.73242188,7.101860046,58.39153324,314299,0.00730514573702112
"Nordrhein-Westfalen","Dortmund ","Dortmund , Nordrhein-Westfalen",2415,51.51660919,7.4582901,58.11536494,580444,0.00416060808622365
"Nordrhein-Westfalen","Eschweiler","Eschweiler, Nordrhein-Westfalen",192,50.81719971,6.269489765,56.79426692,55646,0.00345038277683931
"Nordrhein-Westfalen","Lüdenscheid ","Lüdenscheid , Nordrhein-Westfalen",568,51.21080017,7.586289883,56.61867705,78032,0.00727906499897478
"Nordrhein-Westfalen","Kevelaer ","Kevelaer , Nordrhein-Westfalen",231,51.58409882,6.239789963,55.41692884,28020,0.0082441113490364
"Nordrhein-Westfalen","Siegburg ","Siegburg , Nordrhein-Westfalen",257,50.80479813,7.213850021,55.04755385,39192,0.00655746070626659
"Nordrhein-Westfalen","Recklinghausen ","Recklinghausen , Nordrhein-Westfalen",859,51.61949921,7.213409901,54.24094808,121521,0.0070687370907086
"Nordrhein-Westfalen","Geilenkirchen ","Geilenkirchen , Nordrhein-Westfalen",150,50.96450043,6.119709969,53.79553565,28383,0.00528485360955501
"Nordrhein-Westfalen","Xanten ","Xanten , Nordrhein-Westfalen",112,51.65319824,6.451089859,53.64265148,21586,0.0051885481330492
"Nordrhein-Westfalen","Marl ","Marl , Nordrhein-Westfalen",426,51.64910126,7.109570026,53.48629667,90113,0.00472739782273368
"Nordrhein-Westfalen","Troisdorf ","Troisdorf , Nordrhein-Westfalen",301,50.80360031,7.156620026,53.02591311,74790,0.00402460221954807
"Nordrhein-Westfalen","Castrop-Rauxel ","Castrop-Rauxel , Nordrhein-Westfalen",301,51.54769897,7.316150188,52.69773674,77263,0.00389578452817002
"Nordrhein-Westfalen","Herten ","Herten , Nordrhein-Westfalen",337,51.62490082,7.149600029,52.40128081,64344,0.00523747357951013
"Nordrhein-Westfalen","Stadtlohn ","Stadtlohn , Nordrhein-Westfalen",147,51.989959,6.910191,86.59693,20631,0.0071251999418351
"Nordrhein-Westfalen","Engelskirchen","Engelskirchen, Nordrhein-Westfalen",151,50.98320007,7.415780067,51.72857542,20568,0.007341501361338
"Nordrhein-Westfalen","Dorsten ","Dorsten , Nordrhein-Westfalen",337,51.6631012,6.963759899,51.43583515,79136,0.00425849171047311
"Nordrhein-Westfalen","Wesel ","Wesel , Nordrhein-Westfalen",951,51.65879822,6.610079765,50.60704023,61432,0.0154805313191822
"Nordrhein-Westfalen","Hagen","Hagen, Nordrhein-Westfalen",1389,51.35960007,7.460989952,50.39339292,195671,0.00709865028542809
"Nordrhein-Westfalen","Herdecke ","Herdecke , Nordrhein-Westfalen",523,51.4007988,7.435560226,50.38679246,25374,0.020611649720186
"Nordrhein-Westfalen","Düren ","Düren , Nordrhein-Westfalen",585,50.803553,6.480544,50.28817509,92614,0.00631653961604077
"Nordrhein-Westfalen","Heinsberg ","Heinsberg , Nordrhein-Westfalen",266,51.06729889,6.099219799,50.15491097,41458,0.00641613198900092
"Nordrhein-Westfalen","Herne ","Herne , Nordrhein-Westfalen",831,51.54030991,7.21987009,47.51902174,169991,0.0048884940967463
"Nordrhein-Westfalen","Witten ","Witten , Nordrhein-Westfalen",454,51.43399811,7.344950199,46.49816849,100248,0.00452876865373873
"Nordrhein-Westfalen","Geldern ","Geldern , Nordrhein-Westfalen",480,51.51399994,6.319210052,45.96468674,33954,0.0141367732814985
"Nordrhein-Westfalen","Wipperfürth","Wipperfürth, Nordrhein-Westfalen",179,51.12020111,7.400179863,44.92530901,23616,0.00757960704607046
"Nordrhein-Westfalen","Linnich ","Linnich , Nordrhein-Westfalen",100,50.97840118,6.265950203,44.41159283,13720,0.00728862973760933
"Nordrhein-Westfalen","Brühl ","Brühl , Nordrhein-Westfalen",130,50.83039856,6.90557003,43.78200442,44503,0.00292115138305283
"Nordrhein-Westfalen","Issum","Issum, Nordrhein-Westfalen",109,51.54180145,6.43637991,43.29431331,12118,0.0089948836441657
"Nordrhein-Westfalen","Jülich ","Jülich , Nordrhein-Westfalen",209,50.9294014,6.364029884,42.97093629,33670,0.00620730620730621
"Nordrhein-Westfalen","Gladbeck ","Gladbeck , Nordrhein-Westfalen",314,51.57439041,6.992599964,42.6411577,76373,0.00411140062587564
"Nordrhein-Westfalen","Bochum ","Bochum , Nordrhein-Westfalen",1856,51.48199844,7.212639809,42.45372062,383743,0.00483657030877436
"Nordrhein-Westfalen","Gelsenkirchen ","Gelsenkirchen , Nordrhein-Westfalen",1857,51.51729965,7.122210026,41.30593577,266772,0.00696100040484009
"Nordrhein-Westfalen","Gevelsberg ","Gevelsberg , Nordrhein-Westfalen",105,51.32730103,7.330160141,40.61454429,32536,0.00322719449225473
"Nordrhein-Westfalen","Radevormwald","Radevormwald, Nordrhein-Westfalen",127,51.19860077,7.348169804,40.02769397,23704,0.0053577455281809
"Nordrhein-Westfalen","Hückeswagen","Hückeswagen, Nordrhein-Westfalen",103,51.14390182,7.331860065,39.67578049,16295,0.00632095734888002
"Nordrhein-Westfalen","Rheinberg ","Rheinberg , Nordrhein-Westfalen",179,51.54570007,6.587409973,38.97748078,32145,0.0055685176543786
"Nordrhein-Westfalen","Dinslaken ","Dinslaken , Nordrhein-Westfalen",775,51.56110001,6.765950203,38.41720934,70233,0.0110346987883189
"Nordrhein-Westfalen","Schwelm ","Schwelm , Nordrhein-Westfalen",405,51.29460144,7.299389839,37.57609963,29688,0.0136418755052546
"Nordrhein-Westfalen","Nettetal ","Nettetal , Nordrhein-Westfalen",239,51.30624008,6.277369976,36.23707889,42412,0.00563519758558898
"Nordrhein-Westfalen","Erkelenz","Erkelenz, Nordrhein-Westfalen",354,51.08060074,6.312489986,35.74181984,44759,0.00790902388346478
"Nordrhein-Westfalen","Bottrop ","Bottrop , Nordrhein-Westfalen",629,51.51819992,6.932169914,35.35436336,118975,0.00528682496322757
"Nordrhein-Westfalen","Kamp-Lintfort ","Kamp-Lintfort , Nordrhein-Westfalen",285,51.50189972,6.562530041,35.13151052,39461,0.0072223207724082
"Nordrhein-Westfalen","Bergisch Gladbach ","Bergisch Gladbach , Nordrhein-Westfalen",1205,50.98949814,7.123159885,34.97398642,105587,0.0114123897828331
"Nordrhein-Westfalen","Frechen ","Frechen , Nordrhein-Westfalen",190,50.90439987,6.792049885,34.61969177,49164,0.00386461638597348
"Nordrhein-Westfalen","Hattingen ","Hattingen , Nordrhein-Westfalen",265,51.39239883,7.177740097,34.22016689,56700,0.00467372134038801
"Nordrhein-Westfalen","Köln ","Köln , Nordrhein-Westfalen",5031,50.937737,6.960182,33.48213905,1024373,0.0049112969592131
"Nordrhein-Westfalen","Wermelskirchen ","Wermelskirchen , Nordrhein-Westfalen",196,51.1393013,7.228779793,32.77731491,36386,0.00538668718737976
"Nordrhein-Westfalen","Kempen ","Kempen , Nordrhein-Westfalen",361,51.3708992,6.407400131,30.97139532,36253,0.00995779659614377
"Nordrhein-Westfalen","Bergheim ","Bergheim , Nordrhein-Westfalen",122,50.94889832,6.648990154,30.96197327,62897,0.00193967915798846
"Nordrhein-Westfalen","Essen ","Essen , Nordrhein-Westfalen",5658,51.45180893,7.01060009,30.93159183,583198,0.00970167936104033
"Nordrhein-Westfalen","Remscheid ","Remscheid , Nordrhein-Westfalen",1001,51.18249893,7.212669849,30.74040344,114925,0.0087100282793126
"Nordrhein-Westfalen","Wuppertal ","Wuppertal , Nordrhein-Westfalen",4181,51.27154922,7.196559906,30.01549327,358330,0.0116680155164234
"Nordrhein-Westfalen","Oberhausen ","Oberhausen , Nordrhein-Westfalen",1934,51.4694519,6.855090141,28.75323522,218181,0.00886419990741632
"Nordrhein-Westfalen","Lippstadt","Lippstadt, Nordrhein-Westfalen",403,51.672898,8.349004,120.5972,66952,0.0060192376628032
"Nordrhein-Westfalen","Viersen ","Viersen , Nordrhein-Westfalen",1243,51.25529861,6.382239819,27.85497268,75975,0.0163606449489964
"Nordrhein-Westfalen","Moers ","Moers , Nordrhein-Westfalen",910,51.44979858,6.67013979,27.06147112,107180,0.00849038999813398
"Nordrhein-Westfalen","Mülheim an der Ruhr ","Mülheim an der Ruhr , Nordrhein-Westfalen",1269,51.43159866,6.878769875,25.05706363,169414,0.00749052616666863
"Nordrhein-Westfalen","Leverkusen ","Leverkusen , Nordrhein-Westfalen",1380,51.03319168,6.981739998,24.87548206,161336,0.00855357762681608
"Nordrhein-Westfalen","Duisburg ","Duisburg , Nordrhein-Westfalen",8294,51.43143082,6.763929844,24.00818273,499111,0.0166175459967823
"Nordrhein-Westfalen","Mönchengladbach ","Mönchengladbach , Nordrhein-Westfalen",3365,51.19549942,6.442679882,23.4047223,260951,0.0128951412334116
"Nordrhein-Westfalen","Tönisvorst ","Tönisvorst , Nordrhein-Westfalen",270,51.32062149,6.495359898,22.80349437,30140,0.00895819508958195
"Nordrhein-Westfalen","Velbert ","Velbert , Nordrhein-Westfalen",1193,51.33150101,7.044730186,22.74938502,86754,0.0137515273070982
"Nordrhein-Westfalen","Solingen ","Solingen , Nordrhein-Westfalen",2125,51.16759872,7.085100174,22.25587166,162948,0.0130409701254388
"Nordrhein-Westfalen","Wülfrath ","Wülfrath , Nordrhein-Westfalen",180,51.28430176,7.054289818,20.87372085,21917,0.00821280284710499
"Nordrhein-Westfalen","Krefeld ","Krefeld , Nordrhein-Westfalen",2617,51.33390045,6.562300205,19.88396286,237104,0.0110373506984277
"Nordrhein-Westfalen","Grevenbroich ","Grevenbroich , Nordrhein-Westfalen",681,51.09009933,6.593729973,18.90720785,64388,0.0105765049388085
"Nordrhein-Westfalen","Korschenbroich ","Korschenbroich , Nordrhein-Westfalen",119,51.19240189,6.512420177,18.60427385,33401,0.00356276758180893
"Nordrhein-Westfalen","Haan ","Haan , Nordrhein-Westfalen",1407,51.20759964,7.032999992,17.97793516,29411,0.0478392438203393
"Nordrhein-Westfalen","Langenfeld (Rheinland)","Langenfeld (Rheinland), Nordrhein-Westfalen",1341,51.11059952,6.947969913,16.76291705,58947,0.0227492493256654
"Nordrhein-Westfalen","Willich ","Willich , Nordrhein-Westfalen",467,51.25899887,6.548789978,16.58716416,51995,0.00898163284931243
"Nordrhein-Westfalen","Dormagen ","Dormagen , Nordrhein-Westfalen",608,51.1006012,6.854050159,13.90450597,63474,0.00957872514730441
"Nordrhein-Westfalen","Hilden ","Hilden , Nordrhein-Westfalen",6367,51.16809845,6.953629971,13.49276484,56326,0.113038383694919
"Nordrhein-Westfalen","Mettmann ","Mettmann , Nordrhein-Westfalen",1645,51.24489975,6.96216011,13.40149301,39778,0.0413545175725275
"Nordrhein-Westfalen","Ratingen ","Ratingen , Nordrhein-Westfalen",3736,51.29610062,6.815670013,9.364837819,92152,0.0405417136904245
"Nordrhein-Westfalen","Erkrath","Erkrath, Nordrhein-Westfalen",277,51.2215004,6.897799969,8.532021022,47205,0.00586802245524838
"Nordrhein-Westfalen","Neuss ","Neuss , Nordrhein-Westfalen",5462,51.21609879,6.667709827,7.569349323,151626,0.0360228456860961
"Nordrhein-Westfalen","Meerbusch ","Meerbusch , Nordrhein-Westfalen",1212,51.25188828,6.691020012,7.177230637,54180,0.0223698781838317
